ID,Name,Glottocode,Glottolog_Name,ISO639P3code,Macroarea,Latitude,Longitude,Family,Source
amaimon,amaimon,amai1246,Amaimon,,,,,,Zgraggen1980NA
amele,amele,amel1241,Amele,,,,,,Zgraggen1980MA
anam,anam,anam1247,Anam,,,,,,Zgraggen1980SA
anamgura,anamgura,anam1248,Anamuxra,,,,,,Zgraggen1980SA
anjam,anjam,anja1238,Anjam,,,,,,Zgraggen1980RC
apali,apali,apal1256,Apali,,,,,,Zgraggen1980SA
arawum,arawum,araw1272,Arawum,,,,,,Zgraggen1980RC
asas,asas,asas1240,Asas,,,,,,Zgraggen1980RC
atemble,atemble,atem1241,Mand,,,,,,Zgraggen1980SA
bagupi,bagupi,bagu1252,Bagupi,,,,,,Zgraggen1980MA
baimak,baimak,baim1245,Baimak,,,,,,Zgraggen1980MA
bargam,bargam,barg1252,Bargam,,,,,,Zgraggen1980MA
bau,bau,bauu1244,Bau,,,,,,Zgraggen1980MA
bepour,bepour,bepo1240,Bepour,,,,,,Zgraggen1980NA
bilakura,bilakura,bila1257,Bilakura,,,,,,Zgraggen1980NA
biyom,biyom,biyo1244,Biyom,,,,,,Zgraggen1980SA
bongu,bongu,bong1291,Bongu,,,,,,Zgraggen1980RC
brem,brem,brem1238,Brem,,,,,,Zgraggen1980MA
danaru,danaru,dana1254,Danaru,,,,,,Zgraggen1980RC
faita,faita,fait1240,Kulsab,,,,,,Zgraggen1980SA
gal,gal,gall1278,Gal,,,,,,Zgraggen1980MA
ganglau,ganglau,gang1270,Ganglau,,,,,,Zgraggen1980RC
garus,garus,garu1246,Garus,,,,,,Zgraggen1980MA
gavak,gavak,dimi1244,Dimir,,,,,,Zgraggen1980MA
girawa,girawa,gira1247,Girawa,,,,,,Zgraggen1980MA
gumalu,gumalu,guma1255,Gumalu,,,,,,Zgraggen1980MA
isabi,isabi,isab1240,Isabi,,,,,,Zgraggen1980SA
isebe,isebe,iseb1246,Isebe,,,,,,Zgraggen1980MA
jilim,jilim,jili1241,Jilim,,,,,,Zgraggen1980RC
kare,kare,kare1341,Kare (Papua New Guinea),,,,,,Zgraggen1980MA
kein,kein,kein1239,Kein,,,,,,Zgraggen1980MA
kesawai,kesawai,kesa1244,Kesawai,,,,,,Zgraggen1980RC
kobol,kobol,kobo1248,Kobol,,,,,,Zgraggen1980MA
korak,korak,kora1296,Korak,,,,,,Zgraggen1980NA
kowaki,kowaki,kowa1245,Kowaki,,,,,,Zgraggen1980NA
lemio,lemio,lemi1243,Lemio,,,,,,Zgraggen1980RC
maia-pila,maia-pila,pila1246,Pila,,,,,,Zgraggen1980NA
maia-saki,maia-saki,sali1249,Saki,,,,,,Zgraggen1980NA
mala,mala,mala1494,Mala (Papua New Guinea),,,,,,Zgraggen1980MA
malas,malas,mala1495,Malas,,,,,,Zgraggen1980NA
male,male,male1291,Male (Papua New Guinea),,,,,,Zgraggen1980RC
matepi,matepi,mate1260,Matepi,,,,,,Zgraggen1980MA
mauwake,mauwake,mauw1238,Mauwake,,,,,,Zgraggen1980MA
mawak,mawak,mawa1266,Mawak,,,,,,Zgraggen1980NA
mawan,mawan,mawa1267,Mawan,,,,,,Zgraggen1980MA
miani,miani,mian1254,Miani,,,,,,Zgraggen1980NA
migum,migum,kolo1267,Kolom,,,,,,Zgraggen1980RC
moere,moere,moer1240,Moere,,,,,,Zgraggen1980NA
moresada,moresada,more1258,Moresada,,,,,,Zgraggen1980SA
mosimo,mosimo,mosi1248,Mosimo,,,,,,Zgraggen1980MA
mum,mum,mumm1238,Mum,,,,,,Zgraggen1980SA
munit,munit,muni1257,Munit,,,,,,Zgraggen1980MA
murupi,murupi,muru1273,Murupi,,,,,,Zgraggen1980MA
musak,musak,musa1266,Aisi,,,,,,Zgraggen1980SA
musar,musar,musa1265,Musar,,,,,,Zgraggen1980NA
nake,nake,nake1240,Nake,,,,,,Zgraggen1980MA
nend,nend,nend1239,Nend,,,,,,Zgraggen1980SA
nobonob,nobonob,nobo1238,Nobonob,,,,,,Zgraggen1980MA
ogea,ogea,ogea1238,Ogea,,,,,,Zgraggen1980RC
pal,pal,pall1244,Pal,,,,,,Zgraggen1980MA
pamosu,pamosu,pamo1253,Pamosu,,,,,,Zgraggen1980RC
panim,panim,pani1258,Panim,,,,,,Zgraggen1980MA
parawen,parawen,para1207,Parawen,,,,,,Zgraggen1980NA
paynamar,paynamar,payn1244,Manat,,,,,,Zgraggen1980SA
pulabu,pulabu,pula1267,Pulabu,,,,,,Zgraggen1980RC
rapting,rapting,rapt1240,Rapting,,,,,,Zgraggen1980MA
rempi,rempi,remp1241,Rempi,,,,,,Zgraggen1980MA
rerau,rerau,rera1240,Rerau,,,,,,Zgraggen1980RC
saep,saep,saep1240,Saep,,,,,,Zgraggen1980RC
sam,sam,samm1244,Sam,,,,,,Zgraggen1980RC
samosa,samosa,samo1306,Samosa,,,,,,Zgraggen1980MA
saruga,saruga,saru1243,Saruga,,,,,,Zgraggen1980MA
sausi,sausi,saus1246,Sausi,,,,,,Zgraggen1980RC
sihan,sihan,siha1245,Sihan,,,,,,Zgraggen1980MA
sileibi,sileibi,sile1255,Sileibi,,,,,,Zgraggen1980SA
silopi,silopi,silo1240,Silopi,,,,,,Zgraggen1980MA
sinsauru,sinsauru,sins1241,Sinsauru,,,,,,Zgraggen1980RC
siroi,siroi,siro1249,Siroi,,,,,,Zgraggen1980RC
sop,sop,sopp1247,Sop,,,,,,Zgraggen1980RC
sumau,sumau,suma1270,Sumau,,,,,,Zgraggen1980RC
tauya,tauya,tauy1241,Tauya,,,,,,Zgraggen1980SA
ukuriguma,ukuriguma,ukur1240,Ukuriguma,,,,,,Zgraggen1980NA
urigina,urigina,urig1240,Urigina,,,,,,Zgraggen1980RC
usan,usan,usan1239,Usan,,,,,,Zgraggen1980MA
utarmbung,utarmbung,utar1238,Utarmbung,,,,,,Zgraggen1980SA
utu,utu,utuu1240,Utu,,,,,,Zgraggen1980MA
uya,uya,uyaa1238,Uya,,,,,,Zgraggen1980RC
uyajitaya,uyajitaya,dudu1240,Duduela,,,,,,Zgraggen1980RC
wadaginam,wadaginam,wada1263,Wadaginam,,,,,,Zgraggen1980SA
wagi,wagi,wagi1249,Wagi (Papua New Guinea),,,,,,Zgraggen1980MA
wamas,wamas,wama1247,Wamas,,,,,,Zgraggen1980MA
wanambre,wanambre,wana1269,Wanambre,,,,,,Zgraggen1980NA
waskia,waskia,wask1241,Waskia,,,,,,Zgraggen1980NA
watiwa,watiwa,dump1243,Dumpu,,,,,,Zgraggen1980RC
waube,waube,kwat1244,Kwato,,,,,,Zgraggen1980RC
yaben,yaben,yabe1255,Yaben,,,,,,Zgraggen1980NA
yabong,yabong,yabo1240,Yabong,,,,,,Zgraggen1980RC
yangulam,yangulam,yang1298,Yangulam,,,,,,Zgraggen1980RC
yarawata,yarawata,yara1250,Yarawata,,,,,,Zgraggen1980NA
yoidik,yoidik,yoid1240,Yoidik,,,,,,Zgraggen1980MA
